{
    "points": [
        {
            "id": 0,
            "x": 0,
            "y": 10
        },
        {
            "id": 1,
            "x": 2,
            "y": 18
        },
        {
            "id": 2,
            "x": 4,
            "y": 19
        },
        {
            "id": 3,
            "x": 6,
            "y": 11
        },
        {
            "id": 4,
            "x": 8,
            "y": 2
        },
        {
            "id": 5,
            "x": 10,
            "y": 0
        },
        {
            "id": 6,
            "x": 12,
            "y": 7
        },
        {
            "id": 7,
            "x": 14,
            "y": 16
        },
        {
            "id": 8,
            "x": 16,
            "y": 19
        },
        {
            "id": 9,
            "x": 18,
            "y": 14
        },
        {
            "id": 10,
            "x": 20,
            "y": 4
        },
        {
            "id": 11,
            "x": 22,
            "y": 0
        },
        {
            "id": 12,
            "x": 24,
            "y": 4
        },
        {
            "id": 13,
            "x": 26,
            "y": 14
        },
        {
            "id": 14,
            "x": 28,
            "y": 19
        },
        {
            "id": 15,
            "x": 30,
            "y": 16
        },
        {
            "id": 16,
            "x": 32,
            "y": 7
        },
        {
            "id": 17,
            "x": 34,
            "y": 0
        },
        {
            "id": 18,
            "x": 36,
            "y": 2
        },
        {
            "id": 19,
            "x": 38,
            "y": 11
        }
    ],
    "edges": [
        {
            "source": 0,
            "target": 1
        },
        {
            "source": 1,
            "target": 2
        },
        {
            "source": 2,
            "target": 3
        },
        {
            "source": 3,
            "target": 4
        },
        {
            "source": 4,
            "target": 5
        },
        {
            "source": 5,
            "target": 6
        },
        {
            "source": 6,
            "target": 7
        },
        {
            "source": 7,
            "target": 8
        },
        {
            "source": 8,
            "target": 9
        },
        {
            "source": 9,
            "target": 10
        },
        {
            "source": 10,
            "target": 11
        },
        {
            "source": 11,
            "target": 12
        },
        {
            "source": 12,
            "target": 13
        },
        {
            "source": 13,
            "target": 14
        },
        {
            "source": 14,
            "target": 15
        },
        {
            "source": 15,
            "target": 16
        },
        {
            "source": 16,
            "target": 17
        },
        {
            "source": 17,
            "target": 18
        },
        {
            "source": 18,
            "target": 19
        },
        {
            "source": 0,
            "target": 2
        },
        {
            "source": 1,
            "target": 3
        },
        {
            "source": 2,
            "target": 4
        },
        {
            "source": 3,
            "target": 5
        },
        {
            "source": 4,
            "target": 6
        },
        {
            "source": 5,
            "target": 7
        },
        {
            "source": 6,
            "target": 8
        },
        {
            "source": 7,
            "target": 9
        },
        {
            "source": 8,
            "target": 10
        },
        {
            "source": 9,
            "target": 11
        },
        {
            "source": 10,
            "target": 12
        },
        {
            "source": 11,
            "target": 13
        },
        {
            "source": 12,
            "target": 14
        },
        {
            "source": 13,
            "target": 15
        },
        {
            "source": 14,
            "target": 16
        },
        {
            "source": 15,
            "target": 17
        },
        {
            "source": 16,
            "target": 18
        },
        {
            "source": 17,
            "target": 19
        },
        {
            "source": 0,
            "target": 3
        },
        {
            "source": 1,
            "target": 4
        },
        {
            "source": 2,
            "target": 5
        },
        {
            "source": 3,
            "target": 6
        },
        {
            "source": 4,
            "target": 7
        },
        {
            "source": 5,
            "target": 8
        },
        {
            "source": 6,
            "target": 9
        },
        {
            "source": 7,
            "target": 10
        },
        {
            "source": 8,
            "target": 11
        },
        {
            "source": 9,
            "target": 12
        },
        {
            "source": 10,
            "target": 13
        },
        {
            "source": 11,
            "target": 14
        },
        {
            "source": 12,
            "target": 15
        },
        {
            "source": 13,
            "target": 16
        },
        {
            "source": 14,
            "target": 17
        },
        {
            "source": 15,
            "target": 18
        },
        {
            "source": 16,
            "target": 19
        }
    ],
    "nodes": [
        {
            "id": 13,
            "x": 0,
            "y": 10
        },
        {
            "id": 0,
            "x": 2,
            "y": 18
        },
        {
            "id": 3,
            "x": 4,
            "y": 19
        },
        {
            "id": 5,
            "x": 6,
            "y": 11
        },
        {
            "id": 14,
            "x": 8,
            "y": 2
        },
        {
            "id": 4,
            "x": 10,
            "y": 0
        },
        {
            "id": 19,
            "x": 12,
            "y": 7
        },
        {
            "id": 15,
            "x": 14,
            "y": 16
        },
        {
            "id": 6,
            "x": 16,
            "y": 19
        },
        {
            "id": 2,
            "x": 18,
            "y": 14
        },
        {
            "id": 16,
            "x": 20,
            "y": 4
        },
        {
            "id": 8,
            "x": 22,
            "y": 0
        },
        {
            "id": 17,
            "x": 24,
            "y": 4
        },
        {
            "id": 12,
            "x": 26,
            "y": 14
        },
        {
            "id": 1,
            "x": 28,
            "y": 19
        },
        {
            "id": 10,
            "x": 30,
            "y": 16
        },
        {
            "id": 11,
            "x": 32,
            "y": 7
        },
        {
            "id": 7,
            "x": 34,
            "y": 0
        },
        {
            "id": 18,
            "x": 36,
            "y": 2
        },
        {
            "id": 9,
            "x": 38,
            "y": 11
        }
    ],
    "width": 39,
    "height": 20
}