{
    "points": [
        {
            "id": 0,
            "x": 0,
            "y": 8
        },
        {
            "id": 1,
            "x": 4,
            "y": 4
        },
        {
            "id": 2,
            "x": 8,
            "y": 16
        },
        {
            "id": 3,
            "x": 8,
            "y": 0
        },
        {
            "id": 4,
            "x": 16,
            "y": 8
        },
        {
            "id": 5,
            "x": 4,
            "y": 12
        },
        {
            "id": 6,
            "x": 12,
            "y": 4
        },
        {
            "id": 7,
            "x": 12,
            "y": 12
        }
    ],
    "edges": [
        {
            "source": 0,
            "target": 5
        },
        {
            "source": 0,
            "target": 6
        },
        {
            "source": 0,
            "target": 3
        },
        {
            "source": 1,
            "target": 5
        },
        {
            "source": 1,
            "target": 7
        },
        {
            "source": 1,
            "target": 6
        },
        {
            "source": 2,
            "target": 5
        },
        {
            "source": 2,
            "target": 6
        },
        {
            "source": 2,
            "target": 4
        },
        {
            "source": 7,
            "target": 5
        },
        {
            "source": 7,
            "target": 6
        },
        {
            "source": 4,
            "target": 5
        },
        {
            "source": 4,
            "target": 6
        },
        {
            "source": 3,
            "target": 6
        },
        {
            "source": 3,
            "target": 5
        },
        {
            "source": 5,
            "target": 6
        }
    ],
    "nodes": [
        {
            "id": 0,
            "x": 0,
            "y": 8
        },
        {
            "id": 1,
            "x": 5,
            "y": 5
        },
        {
            "id": 2,
            "x": 8,
            "y": 16
        },
        {
            "id": 3,
            "x": 8,
            "y": 0
        },
        {
            "id": 4,
            "x": 16,
            "y": 8
        },
        {
            "id": 5,
            "x": 4,
            "y": 12
        },
        {
            "id": 6,
            "x": 12,
            "y": 4
        },
        {
            "id": 7,
            "x": 11,
            "y": 11
        }
    ],
    "width": 20,
    "height": 20
}