{
    "nodes": [
        {
            "id": 0,
            "x": 40,
            "y": 13
        },
        {
            "id": 1,
            "x": 33,
            "y": 8
        },
        {
            "id": 2,
            "x": 6,
            "y": 24
        },
        {
            "id": 3,
            "x": 8,
            "y": 33
        },
        {
            "id": 4,
            "x": 13,
            "y": 40
        },
        {
            "id": 5,
            "x": 8,
            "y": 13
        },
        {
            "id": 6,
            "x": 42,
            "y": 24
        },
        {
            "id": 7,
            "x": 24,
            "y": 6
        },
        {
            "id": 8,
            "x": 13,
            "y": 8
        },
        {
            "id": 9,
            "x": 24,
            "y": 42
        },
        {
            "id": 10,
            "x": 40,
            "y": 33
        },
        {
            "id": 11,
            "x": 20,
            "y": 35
        }
    ],
    "edges": [
        {
            "source": 0,
            "target": 1
        },
        {
            "source": 0,
            "target": 3
        },
        {
            "source": 0,
            "target": 7
        },
        {
            "source": 0,
            "target": 8
        },
        {
            "source": 0,
            "target": 9
        },
        {
            "source": 0,
            "target": 11
        },
        {
            "source": 1,
            "target": 2
        },
        {
            "source": 2,
            "target": 3
        },
        {
            "source": 3,
            "target": 4
        },
        {
            "source": 3,
            "target": 5
        },
        {
            "source": 3,
            "target": 6
        },
        {
            "source": 3,
            "target": 10
        },
        {
            "source": 4,
            "target": 5
        },
        {
            "source": 4,
            "target": 10
        },
        {
            "source": 5,
            "target": 6
        },
        {
            "source": 5,
            "target": 7
        },
        {
            "source": 5,
            "target": 8
        },
        {
            "source": 6,
            "target": 7
        },
        {
            "source": 6,
            "target": 8
        },
        {
            "source": 7,
            "target": 8
        },
        {
            "source": 8,
            "target": 9
        },
        {
            "source": 8,
            "target": 11
        },
        {
            "source": 9,
            "target": 9
        },
        {
            "source": 9,
            "target": 11
        }
    ],
    "points": [
        {
            "id": 0,
            "x": 1,
            "y": 5
        },
        {
            "id": 1,
            "x": 1,
            "y": 9
        },
        {
            "id": 2,
            "x": 5,
            "y": 1
        },
        {
            "id": 3,
            "x": 5,
            "y": 7
        },
        {
            "id": 4,
            "x": 5,
            "y": 13
        },
        {
            "id": 5,
            "x": 7,
            "y": 5
        },
        {
            "id": 6,
            "x": 7,
            "y": 9
        },
        {
            "id": 7,
            "x": 9,
            "y": 1
        },
        {
            "id": 8,
            "x": 9,
            "y": 7
        },
        {
            "id": 9,
            "x": 9,
            "y": 13
        },
        {
            "id": 9,
            "x": 13,
            "y": 5
        },
        {
            "id": 11,
            "x": 13,
            "y": 9
        }
    ],
    "width": 48,
    "height": 48
}