{
    "points": [
        {
            "id": 0,
            "x": 63,
            "y": 193
        },
        {
            "id": 1,
            "x": 63,
            "y": 6
        },
        {
            "id": 2,
            "x": 57,
            "y": 178
        },
        {
            "id": 3,
            "x": 57,
            "y": 21
        },
        {
            "id": 4,
            "x": 51,
            "y": 165
        },
        {
            "id": 5,
            "x": 51,
            "y": 34
        },
        {
            "id": 6,
            "x": 44,
            "y": 156
        },
        {
            "id": 7,
            "x": 44,
            "y": 43
        },
        {
            "id": 8,
            "x": 36,
            "y": 151
        },
        {
            "id": 9,
            "x": 36,
            "y": 48
        },
        {
            "id": 10,
            "x": 28,
            "y": 150
        },
        {
            "id": 11,
            "x": 28,
            "y": 49
        },
        {
            "id": 12,
            "x": 20,
            "y": 152
        },
        {
            "id": 13,
            "x": 20,
            "y": 47
        },
        {
            "id": 14,
            "x": 13,
            "y": 159
        },
        {
            "id": 15,
            "x": 13,
            "y": 40
        },
        {
            "id": 16,
            "x": 6,
            "y": 169
        },
        {
            "id": 17,
            "x": 6,
            "y": 30
        },
        {
            "id": 18,
            "x": 0,
            "y": 182
        },
        {
            "id": 19,
            "x": 0,
            "y": 17
        }
    ],
    "edges": [
        {
            "source": 0,
            "target": 15
        },
        {
            "source": 0,
            "target": 18
        },
        {
            "source": 1,
            "target": 13
        },
        {
            "source": 1,
            "target": 15
        },
        {
            "source": 1,
            "target": 16
        },
        {
            "source": 1,
            "target": 18
        },
        {
            "source": 1,
            "target": 19
        },
        {
            "source": 2,
            "target": 11
        },
        {
            "source": 2,
            "target": 13
        },
        {
            "source": 2,
            "target": 16
        },
        {
            "source": 2,
            "target": 18
        },
        {
            "source": 2,
            "target": 19
        },
        {
            "source": 3,
            "target": 11
        },
        {
            "source": 3,
            "target": 12
        },
        {
            "source": 3,
            "target": 14
        },
        {
            "source": 3,
            "target": 15
        },
        {
            "source": 3,
            "target": 18
        },
        {
            "source": 3,
            "target": 19
        },
        {
            "source": 4,
            "target": 13
        },
        {
            "source": 4,
            "target": 14
        },
        {
            "source": 4,
            "target": 15
        },
        {
            "source": 4,
            "target": 16
        },
        {
            "source": 4,
            "target": 17
        },
        {
            "source": 5,
            "target": 11
        },
        {
            "source": 5,
            "target": 16
        },
        {
            "source": 5,
            "target": 18
        },
        {
            "source": 6,
            "target": 12
        },
        {
            "source": 6,
            "target": 13
        },
        {
            "source": 6,
            "target": 14
        },
        {
            "source": 6,
            "target": 15
        },
        {
            "source": 6,
            "target": 16
        },
        {
            "source": 6,
            "target": 17
        },
        {
            "source": 6,
            "target": 19
        },
        {
            "source": 7,
            "target": 13
        },
        {
            "source": 7,
            "target": 14
        },
        {
            "source": 7,
            "target": 16
        },
        {
            "source": 8,
            "target": 11
        },
        {
            "source": 8,
            "target": 12
        },
        {
            "source": 8,
            "target": 13
        },
        {
            "source": 8,
            "target": 16
        },
        {
            "source": 9,
            "target": 12
        },
        {
            "source": 9,
            "target": 13
        },
        {
            "source": 9,
            "target": 16
        },
        {
            "source": 9,
            "target": 18
        },
        {
            "source": 9,
            "target": 19
        },
        {
            "source": 0,
            "target": 11
        }
    ],
    "nodes": [
        {
            "id": 0,
            "x": 63,
            "y": 193
        },
        {
            "id": 1,
            "x": 63,
            "y": 6
        },
        {
            "id": 2,
            "x": 57,
            "y": 178
        },
        {
            "id": 3,
            "x": 57,
            "y": 21
        },
        {
            "id": 4,
            "x": 51,
            "y": 165
        },
        {
            "id": 5,
            "x": 51,
            "y": 34
        },
        {
            "id": 6,
            "x": 44,
            "y": 156
        },
        {
            "id": 7,
            "x": 44,
            "y": 43
        },
        {
            "id": 8,
            "x": 36,
            "y": 151
        },
        {
            "id": 9,
            "x": 36,
            "y": 48
        },
        {
            "id": 10,
            "x": 28,
            "y": 150
        },
        {
            "id": 11,
            "x": 28,
            "y": 49
        },
        {
            "id": 12,
            "x": 20,
            "y": 152
        },
        {
            "id": 13,
            "x": 20,
            "y": 47
        },
        {
            "id": 14,
            "x": 13,
            "y": 159
        },
        {
            "id": 15,
            "x": 13,
            "y": 40
        },
        {
            "id": 16,
            "x": 6,
            "y": 169
        },
        {
            "id": 17,
            "x": 6,
            "y": 30
        },
        {
            "id": 18,
            "x": 0,
            "y": 182
        },
        {
            "id": 19,
            "x": 0,
            "y": 17
        }
    ],
    "width": 64,
    "height": 194
}